Wins,Name,Surface,Rank,Gender
2,Zvonareva V.,Grass,561,Female
1,Zvonareva V.,Hard,992,Female
4,Zverev A.,Clay,285,Male
1,Zopp J.,Clay,335,Male
3,Zhu L.,Hard,186.3333,Female
6,Zheng S.,Hard,114.6667,Female
1,Zheng J.,Clay,59,Female
5,Zheng J.,Grass,90,Female
6,Zheng J.,Hard,60.8333,Female
1,Zhao C.,Hard,421,Female
7,Zhang S.,Clay,46.2857,Female
4,Zhang S.,Grass,36,Female
7,Zhang S.,Hard,45.7143,Female
2,Zhang L.,Hard,269,Female
3,Zhang K.L.,Hard,278,Female
4,Zeballos H.,Clay,104,Male
3,Zeballos H.,Hard,105.6667,Male
1,Zanevska M.,Clay,136,Female
6,Zakopalova K.,Clay,33.6667,Female
13,Zakopalova K.,Hard,34.2308,Female
1,Zahlavova Strycova B.,Clay,56,Female
9,Zahlavova Strycova B.,Grass,53.5556,Female
19,Zahlavova Strycova B.,Hard,47.8947,Female
7,Youzhny M.,Clay,18.1429,Male
1,Youzhny M.,Grass,16,Male
10,Youzhny M.,Hard,25.4,Male
5,Young D.,Clay,86.2,Male
1,Young D.,Grass,69,Male
12,Young D.,Hard,72.4167,Male
1,Ymer E.,Clay,310,Male
1,Xu Y.F.,Hard,248,Female
1,Wozniak A.,Clay,268,Female
2,Wozniak A.,Grass,135,Female
4,Wozniak A.,Hard,223.75,Female
1,Wozniacki C.,Clay,14,Female
6,Wozniacki C.,Grass,16,Female
42,Wozniacki C.,Hard,11.7619,Female
1,Winner,Surface,0,Gender
4,Williams V.,Clay,29.25,Female
2,Williams V.,Grass,30,Female
27,Williams V.,Hard,31.5556,Female
9,Williams S.,Clay,1,Female
2,Williams S.,Grass,1,Female
41,Williams S.,Hard,1,Female
2,Williams R.,Hard,146,Male
3,Wickmayer Y.,Clay,59.6667,Female
2,Wickmayer Y.,Grass,54,Female
8,Wickmayer Y.,Hard,65.25,Female
6,Wawrinka S.,Clay,3,Male
7,Wawrinka S.,Grass,3,Male
25,Wawrinka S.,Hard,5.6,Male
1,Watson H.,Clay,92,Female
4,Watson H.,Grass,70,Female
4,Watson H.,Hard,73.5,Female
1,Ward J.,Clay,152,Male
1,Ward J.,Grass,155,Male
2,Ward J.,Hard,162.5,Male
3,Wang Y.,Hard,251,Female
1,Wang Q.,Hard,139,Female
2,Wang J.,Clay,133,Male
2,Wang J.,Grass,147,Male
1,Wang C.,Hard,553,Male
2,Voskoboeva G.,Hard,74,Female
1,Volandri F.,Clay,77,Male
4,Voegele S.,Clay,74.5,Female
10,Voegele S.,Hard,61.1,Female
10,Vinci R.,Clay,21.2,Female
11,Vinci R.,Hard,31.1818,Female
2,Vickery S.,Hard,193,Female
7,Vesnina E.,Clay,33.1429,Female
2,Vesnina E.,Grass,32,Female
7,Vesnina E.,Hard,40.8571,Female
7,Vesely J.,Clay,87,Male
2,Vesely J.,Grass,68,Male
5,Vesely J.,Hard,78.6,Male
13,Verdasco F.,Clay,28.8462,Male
2,Verdasco F.,Grass,23,Male
11,Verdasco F.,Hard,33.9091,Male
1,Vekic D.,Grass,89,Female
11,Vekic D.,Hard,93.2727,Female
1,Vandeweghe C.,Clay,91,Female
8,Vandeweghe C.,Grass,70.5,Female
13,Vandeweghe C.,Hard,62.3846,Female
3,Van Uytvanck A.,Clay,98,Female
1,Van Uytvanck A.,Grass,93,Female
6,Van Uytvanck A.,Hard,93.3333,Female
1,Ungur A.,Clay,118,Male
6,Tursunov D.,Clay,32.3333,Male
2,Tursunov D.,Grass,32,Male
5,Tursunov D.,Hard,29.8,Male
1,Tsurenko L.,Grass,144,Female
3,Tsurenko L.,Hard,124,Female
8,Tsonga J.W.,Clay,13.125,Male
4,Tsonga J.W.,Grass,17,Male
22,Tsonga J.W.,Hard,11.5909,Male
2,Troicki V.,Clay,847,Male
6,Troicki V.,Hard,146.8333,Male
2,Townsend T.,Clay,205,Female
3,Townsend T.,Hard,201.6667,Female
8,Torro Flor M.T.,Clay,64.375,Female
4,Torro Flor M.T.,Hard,78.5,Female
8,Tomljanovic A.,Clay,73.125,Female
9,Tomljanovic A.,Hard,68.6667,Female
5,Tomic B.,Clay,124,Male
3,Tomic B.,Grass,83.3333,Male
9,Tomic B.,Hard,63.8889,Male
12,Thiem D.,Clay,60.4167,Male
10,Thiem D.,Hard,74.8,Male
7,Svitolina E.,Clay,36,Female
2,Svitolina E.,Grass,34,Female
27,Svitolina E.,Hard,37.7778,Female
20,Suarez Navarro C.,Clay,15.3,Female
2,Suarez Navarro C.,Grass,15,Female
28,Suarez Navarro C.,Hard,16.6071,Female
5,Struff J.L.,Clay,85.6,Male
1,Struff J.L.,Grass,65,Male
9,Struff J.L.,Hard,79.4444,Male
8,Stosur S.,Clay,18.375,Female
1,Stosur S.,Grass,17,Female
23,Stosur S.,Hard,19.6087,Female
6,Stephens S.,Clay,17.8333,Female
3,Stephens S.,Grass,18.6667,Female
11,Stephens S.,Hard,17.7273,Female
6,Stepanek R.,Clay,41.3333,Male
5,Stepanek R.,Grass,41.2,Male
5,Stepanek R.,Hard,47.4,Male
1,Starace P.,Clay,152,Male
3,Stakhovsky S.,Clay,91,Male
5,Stakhovsky S.,Grass,90.8,Male
7,Stakhovsky S.,Hard,89.5714,Male
1,Souza J.,Clay,129,Male
8,Sousa J.,Clay,42.25,Male
4,Sousa J.,Grass,47.75,Male
11,Sousa J.,Hard,42,Male
1,Sorensen L.,Clay,236,Male
1,Soler Espinosa S..,Hard,73,Female
12,Soler Espinosa S.,Clay,96.5833,Female
1,Soler Espinosa S.,Grass,74,Female
3,Soler Espinosa S.,Hard,81.3333,Female
1,Soeda G.,Hard,109,Male
5,Sock J.,Clay,83.4,Male
4,Sock J.,Grass,76.25,Male
18,Sock J.,Hard,72.7778,Male
7,Smyczek T.,Hard,104.1429,Male
3,Smitkova T.,Grass,174,Female
4,Siniakova K.,Hard,128.5,Female
10,Simon G.,Clay,29,Male
3,Simon G.,Grass,41.3333,Male
15,Simon G.,Hard,30.2,Male
3,Sijsling I.,Clay,62.6667,Male
6,Sijsling I.,Hard,67,Male
1,Siegemund L.,Clay,201,Female
5,Shvedova Y.,Clay,66.6,Female
5,Shvedova Y.,Grass,67,Female
6,Shvedova Y.,Hard,70.6667,Female
19,Sharapova M.,Clay,8.5263,Female
3,Sharapova M.,Grass,5,Female
28,Sharapova M.,Hard,4.8571,Female
1,Shapatava S.,Clay,215,Female
10,Seppi A.,Clay,37.2,Male
13,Seppi A.,Hard,43.3077,Male
2,Sela D.,Clay,87.5,Male
3,Sela D.,Grass,101,Male
11,Sela D.,Hard,84,Male
2,Schwartzman D.,Clay,104.5,Male
2,Schmiedlova A.,Clay,56,Female
3,Schmiedlova A.,Hard,75.6667,Female
4,Schiavone F.,Clay,59,Female
1,Schiavone F.,Grass,71,Female
9,Schiavone F.,Hard,71.2222,Female
11,Scheepers C.,Clay,83.2727,Female
1,Scheepers C.,Grass,97,Female
3,Scheepers C.,Hard,79.3333,Female
2,Saville L.,Grass,210,Male
1,Savchuk O.,Hard,242,Female
2,Sasnovich A.,Hard,108.5,Female
1,Sanders S.,Hard,234,Female
9,Safarova L.,Clay,25.3333,Female
5,Safarova L.,Grass,23,Female
22,Safarova L.,Hard,20.5455,Female
4,Rybarikova M.,Clay,36.75,Female
3,Rybarikova M.,Grass,39,Female
13,Rybarikova M.,Hard,48.1538,Female
1,Russell M.,Clay,97,Male
5,Russell M.,Hard,108.8,Male
17,Rosol L.,Clay,45.2353,Male
1,Rosol L.,Grass,52,Male
10,Rosol L.,Hard,38.8,Male
1,Rola B.,Clay,80,Male
1,Rola B.,Grass,92,Male
2,Rola B.,Hard,136.5,Male
2,Rogowska O.,Hard,172.5,Female
4,Rogers S.,Clay,147,Female
8,Rogers S.,Hard,98,Female
2,Roger-Vasselin E.,Clay,46.5,Male
5,Roger-Vasselin E.,Grass,52.4,Male
14,Roger-Vasselin E.,Hard,43.9286,Male
1,Rodionova An.,Clay,217,Female
1,Rodionova An.,Hard,221,Female
15,Robredo T.,Clay,17.9333,Male
3,Robredo T.,Grass,22,Male
25,Robredo T.,Hard,19.56,Male
1,Robert S.,Clay,85,Male
4,Robert S.,Hard,111.75,Male
3,Riske A.,Clay,44.6667,Female
4,Riske A.,Grass,42,Female
17,Riske A.,Hard,56.0588,Female
3,Riba P.,Clay,99.3333,Male
1,Reister J.,Grass,110,Male
1,Razzano V.,Clay,79,Female
1,Razzano V.,Grass,104,Female
2,Razzano V.,Hard,90.5,Female
11,Raonic M.,Clay,9.4545,Male
5,Raonic M.,Grass,9,Male
31,Raonic M.,Hard,8.6129,Male
12,Ramos A.,Clay,98.1667,Male
1,Ramos A.,Hard,85,Male
1,Ramanathan R.,Hard,526,Male
1,Ram R.,Grass,157,Male
2,Ram R.,Hard,151,Male
3,Radwanska U.,Hard,175.6667,Female
12,Radwanska A.,Clay,3,Female
3,Radwanska A.,Grass,4,Female
28,Radwanska A.,Hard,4.3929,Female
5,Querrey S.,Clay,73.8,Male
6,Querrey S.,Grass,75.6667,Male
15,Querrey S.,Hard,55.2,Male
2,Putintseva Y.,Clay,204,Female
3,Putintseva Y.,Hard,136,Female
6,Puig M.,Clay,56.6667,Female
1,Puig M.,Grass,50,Female
9,Puig M.,Hard,60.7778,Female
1,Puetz T.,Grass,251,Male
4,Przysiezny M.,Hard,122.5,Male
2,Pouille L.,Hard,176,Male
1,Pospisil V.,Clay,34,Male
3,Pospisil V.,Grass,35,Male
16,Pospisil V.,Hard,37.625,Male
1,Polansky P.,Clay,130,Male
1,Polansky P.,Hard,129,Male
3,Pliskova Kr.,Hard,122,Female
7,Pliskova Ka.,Clay,57.8571,Female
1,Pliskova Ka.,Grass,50,Female
36,Pliskova Ka.,Hard,48.4167,Female
3,Piter K.,Clay,108,Female
1,Piter K.,Hard,120,Female
2,Pironkova T.,Clay,41.5,Female
15,Pironkova T.,Hard,67.8,Female
3,Phau B.,Hard,358,Male
5,Pfizenmaier D.,Clay,106,Female
1,Pfizenmaier D.,Hard,84,Female
1,Petzschner P.,Hard,524,Male
1,Petrova N.,Hard,205,Female
19,Petkovic A.,Clay,29.5263,Female
3,Petkovic A.,Grass,20,Female
17,Petkovic A.,Hard,22.8235,Female
1,Peterson R.,Hard,250,Female
2,Pervak K.,Hard,136,Female
6,Pereira T.,Clay,97.6667,Female
1,Pereira T.,Hard,103,Female
4,Pennetta F.,Clay,12.5,Female
2,Pennetta F.,Grass,12,Female
24,Pennetta F.,Hard,18.625,Female
6,Peng S.,Clay,44.1667,Female
3,Peng S.,Grass,60,Female
19,Peng S.,Hard,37.9474,Female
3,Pella G.,Clay,126.3333,Male
1,Peliwo F.,Clay,266,Male
4,Peer S.,Clay,91,Female
1,Peer S.,Grass,86,Female
5,Peer S.,Hard,113.4,Female
4,Pavlyuchenkova A.,Clay,25,Female
1,Pavlyuchenkova A.,Grass,26,Female
21,Pavlyuchenkova A.,Hard,26.7619,Female
1,Pavic M.,Grass,475,Male
2,Pavic A.,Grass,154,Male
1,Paszek T.,Clay,155,Female
3,Parmentier P.,Clay,145,Female
4,Parmentier P.,Hard,87.25,Female
3,Panova A.,Clay,136,Female
1,Panova A.,Hard,133,Female
3,Paire B.,Clay,61,Male
7,Paire B.,Hard,57.5714,Male
1,Oudin M.,Hard,127,Female
1,Ostapenko J.,Hard,407,Female
2,Osaka N.,Hard,335.5,Female
7,Ormaechea P.,Clay,74.5714,Female
2,Ormaechea P.,Hard,78,Female
6,Oprandi R.,Clay,106,Female
3,Oprandi R.,Hard,131.6667,Female
2,Olivo R.,Clay,282,Male
2,Olivetti A.,Hard,249,Male
10,Nishikori K.,Clay,14.5,Male
5,Nishikori K.,Grass,12,Male
37,Nishikori K.,Hard,12.2973,Male
5,Nieminen J.,Clay,56,Male
4,Nieminen J.,Grass,62.25,Male
14,Nieminen J.,Hard,46.0714,Male
4,Niculescu M.,Clay,70,Female
18,Niculescu M.,Hard,58.7778,Female
2,Nedovyesov A.,Clay,89,Male
2,Nedovyesov A.,Hard,107.5,Male
7,Nara K.,Clay,57,Female
1,Nara K.,Grass,40,Female
15,Nara K.,Hard,49.4667,Female
25,Nadal R.,Clay,1,Male
3,Nadal R.,Grass,1,Male
21,Nadal R.,Hard,1.2857,Male
11,Murray A.,Clay,7.7273,Male
5,Murray A.,Grass,5,Male
41,Murray A.,Hard,8.5122,Male
1,Muller G.,Grass,103,Male
3,Muller G.,Hard,61.3333,Male
1,Muhammad A.,Hard,285,Female
9,Muguruza G.,Clay,37.4444,Female
2,Muguruza G.,Grass,27,Female
27,Muguruza G.,Hard,37.037,Female
1,Moser L.M.,Clay,315,Female
3,Morita A.,Hard,75.3333,Female
12,Montanes A.,Clay,66.0833,Male
1,Montanes A.,Hard,59,Male
7,Monfils G.,Clay,26.2857,Male
2,Monfils G.,Grass,20.5,Male
23,Monfils G.,Hard,26.3043,Male
15,Monaco J.,Clay,74.4,Male
7,Monaco J.,Hard,81.1429,Male
2,Mladenovic K.,Clay,103,Female
13,Mladenovic K.,Hard,83.8462,Female
1,Minella M.,Hard,107,Female
5,Min G.,Clay,137.4,Female
1,Min G.,Hard,119,Female
1,Milojevic N.,Clay,581,Male
1,Millot V.,Hard,267,Male
1,Michon A.,Clay,206,Male
6,Meusburger Y.,Clay,38,Female
2,Meusburger Y.,Grass,38,Female
6,Meusburger Y.,Hard,44.1667,Female
8,Melzer J.,Clay,65,Male
3,Melzer J.,Grass,52,Male
3,Melzer J.,Hard,123,Male
10,Mchale C.,Clay,64,Female
1,Mchale C.,Grass,49,Female
9,Mchale C.,Hard,54.8889,Female
2,Mayr P.,Clay,80,Female
7,Mayr P.,Hard,93.7143,Female
18,Mayer L.,Clay,66.9444,Male
3,Mayer L.,Grass,64,Male
5,Mayer L.,Hard,40,Male
7,Mayer F.,Hard,37.5714,Male
3,Mattek-Sands B.,Hard,46,Female
4,Matosevic M.,Clay,68,Male
4,Matosevic M.,Grass,59.5,Male
14,Matosevic M.,Hard,63.0714,Male
3,Mathieu P.H.,Clay,95.6667,Male
1,Mathieu P.H.,Grass,92,Male
7,Mathieu P.H.,Hard,106.1429,Male
1,Martic P.,Hard,226,Female
2,Marti Y.,Clay,222,Male
2,Marchenko I.,Hard,172.5,Male
2,Mannarino A.,Clay,92.5,Male
4,Mannarino A.,Grass,84.75,Male
10,Mannarino A.,Hard,79.2,Male
2,Malek T.,Hard,413,Female
3,Makarova E.,Clay,23.3333,Female
6,Makarova E.,Grass,22,Female
30,Makarova E.,Hard,20.9667,Female
2,Majeric T.,Hard,129.5,Female
2,Mahut N.,Clay,39,Male
5,Mahut N.,Grass,48,Male
7,Mahut N.,Hard,62,Male
1,Machado R.,Clay,243,Male
2,Lucic M.,Clay,105.5,Female
10,Lucic M.,Hard,98.3,Female
1,Lu Y.H.,Clay,52,Male
3,Lu Y.H.,Grass,47.6667,Male
20,Lu Y.H.,Hard,49.7,Male
8,Lorenzi P.,Clay,101.125,Male
3,Lorenzi P.,Hard,85.6667,Male
7,Lopez F.,Clay,29.4286,Male
12,Lopez F.,Grass,26.9167,Male
21,Lopez F.,Hard,25.5238,Male
1,Llodra M.,Clay,147,Male
3,Llodra M.,Hard,148,Male
1,Lizarazo Y.,Clay,742,Female
1,Liu F.,Hard,273,Female
4,Lisicki S.,Clay,16,Female
4,Lisicki S.,Grass,19,Female
19,Lisicki S.,Hard,25.6842,Female
2,Linette M.,Hard,124,Female
1,Lindell C.,Clay,402,Male
1,Lim A.,Hard,150,Female
5,Li N.,Clay,2,Female
2,Li N.,Grass,2,Female
22,Li N.,Hard,2.9091,Female
1,Lertpitaksinchai N.,Hard,347,Female
4,Lepchenko V.,Clay,50.75,Female
3,Lepchenko V.,Grass,57.6667,Female
20,Lepchenko V.,Hard,47.8,Female
2,Larsson J.,Clay,99,Female
5,Larsson J.,Hard,89.2,Female
2,Larcherde Brito M.,Grass,104,Female
9,Lajovic D.,Clay,78.6667,Male
1,Lajovic D.,Grass,84,Male
4,Lajovic D.,Hard,93.5,Male
2,Lacko L.,Grass,88,Male
9,Lacko L.,Hard,92.3333,Male
1,Laaksonen H.,Clay,319,Male
4,Kyrgios N.,Grass,144,Male
4,Kyrgios N.,Hard,93.25,Male
6,Kvitova P.,Clay,6,Female
9,Kvitova P.,Grass,6,Female
26,Kvitova P.,Hard,4.7692,Female
12,Kuznetsova S.,Clay,28.6667,Female
15,Kuznetsova S.,Hard,26.3333,Female
2,Kuznetsov An.,Clay,136.5,Male
2,Kuznetsov An.,Grass,118,Male
4,Kuznetsov An.,Hard,119,Male
1,Kuznetsov Al.,Clay,155,Male
2,Kuznetsov Al.,Hard,141,Male
1,Kuwata H.,Hard,200,Female
5,Kumkhum L.,Hard,96,Female
1,Kulichkova E.,Hard,196,Female
3,Kukushkin M.,Clay,55.6667,Male
2,Kukushkin M.,Grass,63,Male
10,Kukushkin M.,Hard,70.1,Male
1,Kudryavtseva A.,Clay,117,Female
4,Kudryavtseva A.,Hard,131.25,Female
2,Kudryavtsev A.,Hard,208,Male
2,Kudla D.,Grass,129,Male
1,Kudla D.,Hard,106,Male
4,Kucova K.,Clay,161,Female
2,Kubot L.,Clay,77,Male
2,Kubot L.,Grass,72,Male
1,Kubot L.,Hard,72,Male
1,Kubler J.,Clay,352,Male
1,Krunic A.,Clay,155,Female
4,Krunic A.,Hard,136,Female
1,Krejcikova B.,Hard,214,Female
2,Krajinovic F.,Clay,149,Male
2,Krajinovic F.,Hard,99.5,Male
1,Krajicek M.,Grass,207,Female
1,Krajicek A.,Grass,208,Male
1,Kozlova K.,Hard,162,Female
3,Kovinic D.,Clay,122.6667,Female
3,Kovinic D.,Hard,137.3333,Female
6,Koukalova K.,Grass,31.6667,Female
4,Koukalova K.,Hard,36.25,Female
1,Kostova E.,Clay,244,Female
1,Kontaveit A.,Clay,161,Female
2,Konta J.,Grass,109.5,Female
2,Konjuh A.,Grass,188,Female
6,Konjuh A.,Hard,150.3333,Female
2,Kokkinakis T.,Hard,377,Male
1,Kohlschreiber P..,Hard,24,Male
15,Kohlschreiber P.,Clay,26.8667,Male
4,Kohlschreiber P.,Grass,27.25,Male
16,Kohlschreiber P.,Hard,24.625,Male
4,Knapp K.,Clay,55.75,Female
14,Knapp K.,Hard,68.1429,Female
13,Klizan M.,Clay,92.4615,Male
2,Klizan M.,Grass,57,Male
8,Klizan M.,Hard,65.25,Male
2,Kleybanova A.,Clay,102,Female
6,Kleybanova A.,Hard,149.6667,Female
2,Klahn B.,Hard,106,Male
1,Kirilenko M.,Clay,35,Female
1,Kirilenko M.,Grass,87,Female
3,Kirilenko M.,Hard,155,Female
5,King V.,Clay,70.6,Female
1,King V.,Grass,75,Female
7,King V.,Hard,80,Female
1,Kiick A.,Hard,160,Female
1,Kichenok N.,Grass,117,Female
1,Kichenok N.,Hard,101,Female
2,Kichenok L.,Hard,194,Female
1,Khromacheva I.,Clay,234,Female
5,Keys M.,Clay,43,Female
8,Keys M.,Grass,46.375,Female
14,Keys M.,Hard,33.2857,Female
5,Kerber A.,Clay,9,Female
8,Kerber A.,Grass,9,Female
30,Kerber A.,Hard,8.5667,Female
5,Kavcic B.,Hard,100.2,Male
12,Karlovic I.,Clay,43.25,Male
5,Karlovic I.,Grass,31.4,Male
19,Karlovic I.,Hard,49.6842,Male
2,Karatantcheva S.,Hard,195,Female
6,Kanepi K.,Clay,34.3333,Female
1,Kanepi K.,Grass,41,Female
10,Kanepi K.,Hard,37.7,Female
4,Kamke T.,Clay,88.75,Male
1,Kamke T.,Grass,90,Male
4,Kamke T.,Hard,88.25,Male
3,Jovanovski B.,Clay,40.6667,Female
2,Jovanovski B.,Grass,45,Female
15,Jovanovski B.,Hard,37,Female
2,Johnson S.,Clay,66.5,Male
5,Johnson S.,Grass,66.4,Male
13,Johnson S.,Hard,91.8462,Male
1,Jaziri M.,Grass,117,Male
7,Jaziri M.,Hard,111.2857,Male
3,Janowicz J.,Clay,31.3333,Male
2,Janowicz J.,Grass,25,Male
17,Janowicz J.,Hard,39.5294,Male
16,Jankovic J.,Clay,8,Female
22,Jankovic J.,Hard,8.7273,Female
4,Jaksic J.,Hard,137,Female
1,Jabeur O.,Clay,139,Female
1,Jabeur O.,Hard,162,Female
13,Ivanovic A.,Clay,12.3077,Female
7,Ivanovic A.,Grass,12.4286,Female
39,Ivanovic A.,Hard,11.7436,Female
1,Ito T.,Grass,129,Male
2,Ito T.,Hard,114.5,Male
8,Istomin D.,Clay,54.5,Male
6,Istomin D.,Grass,47.6667,Male
13,Istomin D.,Hard,50.2308,Male
6,Isner J.,Clay,10.6667,Male
4,Isner J.,Grass,11.5,Male
27,Isner J.,Hard,13.3704,Male
2,Ishizu S.,Hard,204,Female
1,Irigoyen M.,Clay,156,Female
1,Huta Galung J.,Grass,146,Male
6,Hsieh S.W.,Hard,147.8333,Female
3,Hradecka L.,Hard,169.3333,Female
1,Hozumi E.,Hard,170,Female
1,Hogenkamp R.,Clay,152,Female
6,Hlavackova A.,Hard,156.3333,Female
1,Hewitt L.,Clay,46,Male
7,Hewitt L.,Grass,43.7143,Male
11,Hewitt L.,Hard,50,Male
1,Hernych J.,Grass,285,Male
8,Hercog P.,Clay,63.875,Female
1,Hercog P.,Grass,64,Female
3,Hercog P.,Hard,82.3333,Female
1,Herbert P.H.,Grass,135,Male
4,Herbert P.H.,Hard,132.5,Male
5,Harrison R.,Hard,129.4,Male
8,Hantuchova D.,Clay,31,Female
2,Hantuchova D.,Grass,33,Female
6,Hantuchova D.,Hard,37.3333,Female
7,Hanescu V.,Clay,92.1429,Male
4,Hanescu V.,Hard,80.75,Male
1,Han N.L.,Hard,280,Female
3,Hampton J.,Hard,28,Female
17,Halep S.,Clay,4.0588,Female
6,Halep S.,Grass,3,Female
23,Halep S.,Hard,6.4348,Female
3,Haider-Maurer A.,Clay,109,Male
1,Haider-Maurer A.,Grass,95,Male
10,Haase R.,Clay,49.5,Male
2,Haase R.,Grass,52.5,Male
3,Haase R.,Hard,62.6667,Male
7,Haas T.,Clay,16.1429,Male
7,Haas T.,Hard,12,Male
19,Gulbis E.,Clay,18.9474,Male
1,Gulbis E.,Grass,10,Male
21,Gulbis E.,Hard,19.2381,Male
1,Groth S.,Clay,99,Male
3,Groth S.,Grass,123,Male
5,Groth S.,Hard,126.2,Male
11,Granollers M.,Clay,104,Male
1,Granollers M.,Grass,224,Male
7,Granollers M.,Hard,119.4286,Male
5,Govortsova O.,Hard,116.2,Female
3,Gonzalez M.,Clay,104,Male
5,Gonzalez A.,Clay,76.6,Male
4,Gonzalez A.,Hard,91.25,Male
1,Golubic V.,Hard,196,Female
6,Golubev A.,Clay,60,Male
3,Golubev A.,Hard,72.6667,Male
2,Gojowczyk P.,Grass,120,Male
5,Gojowczyk P.,Hard,146.4,Male
6,Goffin D.,Clay,82.8333,Male
1,Goffin D.,Grass,105,Male
15,Goffin D.,Hard,43.8,Male
6,Goerges J.,Clay,99.8333,Female
9,Goerges J.,Hard,90.6667,Female
2,Glushko J.,Clay,98,Female
1,Glushko J.,Hard,102,Female
18,Giraldo S.,Clay,60.2778,Male
2,Giraldo S.,Grass,35,Male
8,Giraldo S.,Hard,41,Male
10,Giorgi C.,Clay,56.2,Female
4,Giorgi C.,Grass,42.5,Female
13,Giorgi C.,Hard,53.5385,Female
3,Ginepri R.,Hard,259.6667,Male
9,Gimeno-Traver D.,Clay,93.3333,Male
2,Gimeno-Traver D.,Hard,105.5,Male
2,Gicquel M.,Hard,127,Male
5,Gibbs N.,Hard,130.8,Female
1,Gavrilova D.,Hard,365,Female
1,Gatto-Monticone G.,Hard,237,Female
3,Gasquet R.,Clay,13.3333,Male
4,Gasquet R.,Grass,14,Male
22,Gasquet R.,Hard,12.2727,Male
16,Garcia-Lopez G.,Clay,44.75,Male
9,Garcia-Lopez G.,Hard,49.2222,Male
2,Garcia Vidagany B.,Clay,225,Female
13,Garcia C.,Clay,67.8462,Female
2,Garcia C.,Grass,46,Female
9,Garcia C.,Hard,55.3333,Female
1,Gajdosova J.,Grass,177,Female
5,Gajdosova J.,Hard,87.2,Female
8,Gabashvili T.,Clay,59.625,Male
1,Gabashvili T.,Grass,61,Male
9,Gabashvili T.,Hard,65.6667,Male
2,Friedsam A.L.,Clay,111.5,Female
5,Friedsam A.L.,Hard,99.8,Female
21,Fognini F.,Clay,15,Male
2,Fognini F.,Grass,15,Male
13,Fognini F.,Hard,17.0769,Male
1,Flipkens K.,Clay,22,Female
5,Flipkens K.,Grass,24.4,Female
17,Flipkens K.,Hard,30.3529,Female
1,Fichman S.,Clay,108,Female
2,Fichman S.,Hard,106.5,Female
2,Feuerstein C.,Clay,122,Female
27,Ferrer D.,Clay,5.2963,Male
1,Ferrer D.,Grass,7,Male
27,Ferrer D.,Hard,4.7778,Male
7,Federer R.,Clay,4,Male
10,Federer R.,Grass,4,Male
51,Federer R.,Hard,4.3529,Male
2,Falla A.,Clay,62.5,Male
4,Falla A.,Grass,69,Male
3,Falla A.,Hard,79,Male
1,Falconi I.,Clay,182,Female
1,Falconi I.,Hard,142,Female
1,Evans D.,Grass,139,Male
3,Evans D.,Hard,147,Male
3,Estrella Burgos V.,Clay,92,Male
1,Estrella Burgos V.,Grass,95,Male
4,Estrella Burgos V.,Hard,83.5,Male
19,Errani S.,Clay,11.4737,Female
16,Errani S.,Hard,9.9375,Female
4,Erakovic M.,Clay,65,Female
8,Erakovic M.,Hard,82.125,Female
3,Elias G.,Clay,169.3333,Male
2,Eguchi M.,Hard,183,Female
1,Ebden M.,Grass,86,Male
4,Ebden M.,Hard,74,Male
2,Dzumhur D.,Hard,188,Male
1,Duval V.,Clay,157,Female
2,Duval V.,Grass,120.5,Female
1,Dutra Silva R.,Clay,147,Male
2,Duque Marino M.,Clay,129,Female
5,Dulgheru A.,Hard,126.6,Female
1,Duckworth J.,Grass,167,Male
2,Duan Y.Y.,Hard,165,Female
3,Donskoy E.,Hard,117.6667,Male
6,Dominguez Lino L.,Clay,74.1667,Female
1,Dominguez Lino L.,Grass,132,Female
2,Dolonc V.,Hard,133,Female
12,Dolgopolov O.,Clay,39.0833,Male
4,Dolgopolov O.,Grass,19,Male
11,Dolgopolov O.,Hard,34.8182,Male
1,Doi M.,Grass,98,Female
4,Doi M.,Hard,92.25,Female
4,Dodig I.,Clay,38.5,Male
11,Dodig I.,Hard,56.7273,Male
14,Djokovic N.,Clay,2,Male
7,Djokovic N.,Grass,2,Male
44,Djokovic N.,Hard,1.4318,Male
2,Diyas Z.,Clay,96,Female
3,Diyas Z.,Grass,71,Female
15,Diyas Z.,Hard,68.2,Female
1,Dinu C.,Clay,228,Female
17,Dimitrov G.,Clay,16.8235,Male
10,Dimitrov G.,Grass,13,Male
23,Dimitrov G.,Hard,13.1739,Male
2,Diatchenko V.,Hard,140,Female
1,Devvarman S.,Clay,102,Male
2,Devvarman S.,Hard,109.5,Male
3,Dellacqua C.,Clay,49.6667,Female
5,Dellacqua C.,Grass,41.6,Female
19,Dellacqua C.,Hard,68,Female
2,Delic M.,Clay,211,Male
18,Delbonis F.,Clay,50.6667,Male
2,Delbonis F.,Hard,66,Male
7,Del Potro J.M.,Hard,4.7143,Male
3,De Schepper K.,Clay,81.6667,Male
2,De Schepper K.,Grass,66,Male
2,De Schepper K.,Hard,102.5,Male
1,De Bakker T.,Clay,147,Male
2,De Bakker T.,Grass,143,Male
4,De Bakker T.,Hard,152,Male
1,Davydenko P.,Clay,658,Male
1,Davydenko N.,Clay,100,Male
5,Davydenko N.,Hard,64,Male
2,Davis L.,Clay,64,Female
6,Davis L.,Grass,59,Female
13,Davis L.,Hard,62.1538,Female
1,Date Krumm K.,Clay,95,Female
3,Date Krumm K.,Grass,78,Female
7,Date Krumm K.,Hard,82.1429,Female
2,Daniel T.,Clay,226,Male
1,Dancevic F.,Grass,107,Male
1,Dancevic F.,Hard,138,Male
1,Dabrowski G.,Clay,236,Female
13,Cuevas P.,Clay,106.3846,Male
4,Cuevas P.,Hard,35.75,Male
7,Cornet A.,Clay,21.7143,Female
4,Cornet A.,Grass,25,Female
26,Cornet A.,Hard,22.9615,Female
2,Coric B.,Clay,230,Male
4,Coric B.,Hard,144,Male
2,Copil M.,Clay,165.5,Male
4,Copil M.,Hard,164,Male
2,Cirstea S.,Clay,26,Female
10,Cirstea S.,Hard,47.2,Female
10,Cilic M.,Clay,25.5,Male
4,Cilic M.,Grass,29,Male
37,Cilic M.,Hard,24.6757,Male
7,Cibulkova D.,Clay,12.1429,Female
2,Cibulkova D.,Grass,10,Female
24,Cibulkova D.,Hard,15.375,Female
11,Chardy J.,Clay,45.8182,Male
5,Chardy J.,Grass,42.4,Male
17,Chardy J.,Hard,35.3529,Male
1,Chan Y.J.,Hard,257,Female
6,Cetkovska P.,Clay,76.5,Female
3,Cetkovska P.,Grass,65,Female
4,Cetkovska P.,Hard,116.25,Female
2,Cervantes I.,Clay,824,Male
8,Cepelova J.,Clay,75.375,Female
10,Cepelova J.,Hard,65.2,Female
1,Cepede Royg V.,Clay,182,Female
10,Carreno-Busta P.,Clay,61.5,Male
4,Carreno-Busta P.,Hard,68.5,Male
3,Carballes Baena R.,Clay,273,Male
1,Cadantu A.,Clay,61,Female
2,Cadantu A.,Hard,62,Female
1,Cabeza-Candela E.,Clay,107,Female
3,Cabeza-Candela E.,Hard,114,Female
1,Buyukakcay C.,Clay,164,Female
2,Buyukakcay C.,Hard,150,Female
3,Burnett N.,Clay,160,Female
6,Brown D.,Clay,97.1667,Male
2,Brown D.,Grass,85,Male
5,Brown D.,Hard,103.2,Male
1,Broady N.,Grass,164,Female
4,Brengle M.,Hard,108,Female
2,Brands D.,Hard,54,Male
17,Bouchard E.,Clay,18.1765,Female
6,Bouchard E.,Grass,13,Female
16,Bouchard E.,Hard,16.6875,Female
2,Boserup J.,Hard,302,Female
2,Bolelli S.,Clay,156,Male
2,Bolelli S.,Grass,132,Male
2,Bolelli S.,Hard,80.5,Male
2,Bogomolov A.,Hard,96,Male
1,Bogdan A.,Clay,308,Female
2,Bhambri Y.,Hard,195,Male
6,Bertens K.,Clay,131.5,Female
5,Bertens K.,Hard,99.2,Female
3,Berrer M.,Hard,146.3333,Male
15,Berlocq C.,Clay,53.4,Male
1,Berlocq C.,Grass,44,Male
1,Berlocq C.,Hard,80,Male
11,Berdych T.,Clay,5.9091,Male
4,Berdych T.,Grass,6,Male
38,Berdych T.,Hard,6.5263,Male
2,Berankis R.,Clay,153.5,Male
4,Berankis R.,Hard,125.25,Male
1,Benneteau J.,Clay,51,Male
2,Benneteau J.,Grass,47,Male
22,Benneteau J.,Hard,43.8182,Male
5,Bencic B.,Clay,131.2,Female
3,Bencic B.,Grass,73.6667,Female
10,Bencic B.,Hard,59.3,Female
10,Bellucci T.,Clay,112.2,Male
6,Bellucci T.,Hard,78.6667,Male
1,Bellis C.,Hard,1208,Female
7,Begu I.,Clay,125.2857,Female
1,Begu I.,Grass,80,Female
6,Begu I.,Hard,59.8333,Female
1,Bedene A.,Clay,109,Male
4,Bedene A.,Hard,107,Male
2,Becker B.,Clay,64,Male
5,Becker B.,Grass,79.4,Male
20,Becker B.,Hard,65.65,Male
3,Beck A.,Clay,52.3333,Female
2,Beck A.,Grass,55,Female
15,Beck A.,Hard,75.6,Female
12,Bautista R.,Clay,35,Male
7,Bautista R.,Grass,26.5714,Male
25,Bautista R.,Hard,38.56,Male
1,Barty A.,Hard,190,Female
9,Barthel M.,Clay,67.8889,Female
3,Barthel M.,Grass,58.3333,Female
11,Barthel M.,Hard,46.7273,Female
2,Bagnis F.,Clay,134,Male
1,Baghdatis M.,Clay,149,Male
2,Baghdatis M.,Grass,118.5,Male
4,Baghdatis M.,Hard,143.75,Male
3,Bacsinszky T.,Clay,147.3333,Female
1,Bacsinszky T.,Grass,86,Female
7,Bacsinszky T.,Hard,67.7143,Female
4,Bachinger M.,Hard,211,Male
2,Babos T.,Grass,108,Female
2,Babos T.,Hard,108.5,Female
1,Azarenka V.,Grass,8,Female
14,Azarenka V.,Hard,9.2143,Female
9,Arruabarrena L.,Clay,140.7778,Female
1,Arruabarrena L.,Hard,82,Female
1,Aoyama S.,Hard,257,Female
15,Andujar P.,Clay,58.3333,Male
8,Andujar P.,Hard,46,Male
9,Anderson K.,Clay,20.3333,Male
5,Anderson K.,Grass,18,Male
25,Anderson K.,Hard,19.56,Male
2,Amanmuradova A.,Hard,324,Female
1,Alund M.,Clay,133,Male
14,Almagro N.,Clay,19.5714,Male
1,Almagro N.,Hard,19,Male
3,Allertova D.,Hard,145,Female
1,Albot R.,Clay,229,Male
3,Abduraimova N.,Hard,189,Female
